{"cameraMode":{"drawMode":0,"name":"Shaded","section":"Shading Mode"},"sceneLighting":false,"audioPlay":false,"sceneViewState":{"m_AlwaysRefresh":false,"showFog":true,"showSkybox":false,"showFlares":true,"showImageEffects":true,"showParticleSystems":true,"showVisualEffectGraphs":true,"m_FxEnabled":true},"in2DMode":false,"pivot":{"x":2.8192601203918459,"y":1.4600002765655518,"z":0.8693928122520447},"rotation":{"x":-0.12350019067525864,"y":0.23606689274311067,"z":-0.030262824147939683,"w":-0.963374674320221},"size":1.9040253162384034,"orthographic":false}