{"cameraMode":{"drawMode":0,"name":"Shaded","section":"Shading Mode"},"sceneLighting":false,"audioPlay":false,"sceneViewState":{"m_AlwaysRefresh":false,"showFog":true,"showSkybox":false,"showFlares":true,"showImageEffects":true,"showParticleSystems":true,"showVisualEffectGraphs":true,"m_FxEnabled":true},"in2DMode":false,"pivot":{"x":0.1900196075439453,"y":0.4989055395126343,"z":0.17375686764717103},"rotation":{"x":0.1505761444568634,"y":0.6434581875801086,"z":-0.1311015486717224,"w":0.7389978766441345},"size":1.4686765670776368,"orthographic":false}