{"cameraMode":{"drawMode":0,"name":"Shaded","section":"Shading Mode"},"sceneLighting":false,"audioPlay":false,"sceneViewState":{"m_AlwaysRefresh":false,"showFog":true,"showSkybox":false,"showFlares":true,"showImageEffects":true,"showParticleSystems":true,"showVisualEffectGraphs":true,"m_FxEnabled":true},"in2DMode":false,"pivot":{"x":1.272820234298706,"y":-0.5238395929336548,"z":-28.309274673461915},"rotation":{"x":0.25084781646728518,"y":-0.14454898238182069,"z":0.037911850959062579,"w":0.9564216732978821},"size":1.8302401304244996,"orthographic":false}